날짜,0
2023.01.01,positive
2023.01.01,neutral
2023.01.01,neutral
2023.01.01,neutral
2023.01.01,neutral
2023.01.01,neutral
2023.01.01,neutral
2023.01.01,neutral
2023.01.01,neutral
2023.01.01,neutral
2023.01.02,neutral
2023.01.02,positive
2023.01.02,neutral
2023.01.02,neutral
2023.01.02,neutral
2023.01.02,neutral
2023.01.02,neutral
2023.01.02,negative
2023.01.02,positive
2023.01.02,neutral
2023.01.03,neutral
2023.01.03,positive
2023.01.03,neutral
2023.01.03,neutral
2023.01.03,positive
2023.01.03,positive
2023.01.03,positive
2023.01.03,neutral
2023.01.03,neutral
2023.01.03,neutral
2023.01.04,neutral
2023.01.04,neutral
2023.01.04,neutral
2023.01.04,positive
2023.01.04,neutral
2023.01.04,neutral
2023.01.04,neutral
2023.01.04,neutral
2023.01.04,neutral
2023.01.04,positive
2023.01.05,neutral
2023.01.05,neutral
2023.01.05,neutral
2023.01.05,neutral
2023.01.05,neutral
2023.01.05,neutral
2023.01.05,neutral
2023.01.05,positive
2023.01.05,neutral
2023.01.05,neutral
2023.01.06,positive
2023.01.06,neutral
2023.01.06,neutral
2023.01.06,negative
2023.01.06,positive
2023.01.06,neutral
2023.01.06,neutral
2023.01.06,neutral
2023.01.06,neutral
2023.01.06,neutral
2023.01.07,neutral
2023.01.07,positive
2023.01.07,positive
2023.01.07,neutral
2023.01.07,neutral
2023.01.07,negative
2023.01.07,neutral
2023.01.07,neutral
2023.01.07,positive
2023.01.07,neutral
2023.01.08,neutral
2023.01.08,neutral
2023.01.08,negative
2023.01.08,neutral
2023.01.08,neutral
2023.01.08,neutral
2023.01.08,neutral
2023.01.08,neutral
2023.01.08,positive
2023.01.08,neutral
2023.01.09,neutral
2023.01.09,neutral
2023.01.09,neutral
2023.01.09,neutral
2023.01.09,neutral
2023.01.09,neutral
2023.01.09,neutral
2023.01.09,neutral
2023.01.09,positive
2023.01.09,neutral
2023.01.10,negative
2023.01.10,neutral
2023.01.10,neutral
2023.01.10,positive
2023.01.10,neutral
2023.01.10,neutral
2023.01.10,neutral
2023.01.10,neutral
2023.01.10,neutral
2023.01.10,neutral
2023.01.11,neutral
2023.01.11,neutral
2023.01.11,neutral
2023.01.11,neutral
2023.01.11,neutral
2023.01.11,neutral
2023.01.11,neutral
2023.01.11,neutral
2023.01.11,neutral
2023.01.11,neutral
2023.01.12,neutral
2023.01.12,neutral
2023.01.12,neutral
2023.01.12,neutral
2023.01.12,neutral
2023.01.12,neutral
2023.01.12,neutral
2023.01.12,neutral
2023.01.12,neutral
2023.01.12,neutral
2023.01.13,positive
2023.01.13,neutral
2023.01.13,neutral
2023.01.13,neutral
2023.01.13,neutral
2023.01.13,positive
2023.01.13,positive
2023.01.13,neutral
2023.01.13,neutral
2023.01.13,negative
2023.01.14,neutral
2023.01.14,neutral
2023.01.14,neutral
2023.01.14,neutral
2023.01.14,neutral
2023.01.14,neutral
2023.01.14,positive
2023.01.14,neutral
2023.01.14,neutral
2023.01.14,neutral
2023.01.15,neutral
2023.01.15,positive
2023.01.15,neutral
2023.01.15,neutral
2023.01.15,neutral
2023.01.15,neutral
2023.01.16,positive
2023.01.16,neutral
2023.01.16,neutral
2023.01.16,positive
2023.01.16,neutral
2023.01.16,negative
2023.01.16,neutral
2023.01.16,neutral
2023.01.16,positive
2023.01.16,positive
2023.01.17,neutral
2023.01.17,neutral
2023.01.17,positive
2023.01.17,neutral
2023.01.17,neutral
2023.01.17,neutral
2023.01.17,neutral
2023.01.17,neutral
2023.01.17,neutral
2023.01.17,neutral
2023.01.18,neutral
2023.01.18,neutral
2023.01.18,neutral
2023.01.18,neutral
2023.01.18,neutral
2023.01.18,neutral
2023.01.18,neutral
2023.01.18,neutral
2023.01.18,neutral
2023.01.18,neutral
2023.01.19,positive
2023.01.19,neutral
2023.01.19,positive
2023.01.19,negative
2023.01.19,neutral
2023.01.19,positive
2023.01.19,neutral
2023.01.19,neutral
2023.01.19,neutral
2023.01.19,neutral
2023.01.20,positive
2023.01.20,positive
2023.01.20,neutral
2023.01.20,neutral
2023.01.20,neutral
2023.01.20,neutral
2023.01.20,neutral
2023.01.20,positive
2023.01.20,neutral
2023.01.20,positive
2023.01.21,neutral
2023.01.21,neutral
2023.01.21,neutral
2023.01.21,positive
2023.01.22,neutral
2023.01.22,neutral
2023.01.22,positive
2023.01.23,neutral
2023.01.23,positive
2023.01.23,neutral
2023.01.23,positive
2023.01.23,neutral
2023.01.23,neutral
2023.01.23,positive
2023.01.23,positive
2023.01.23,positive
2023.01.23,positive
2023.01.24,neutral
2023.01.24,neutral
2023.01.24,neutral
2023.01.24,neutral
2023.01.24,neutral
2023.01.24,positive
2023.01.24,neutral
2023.01.24,neutral
2023.01.24,neutral
2023.01.24,neutral
2023.01.25,positive
2023.01.25,neutral
2023.01.25,positive
2023.01.25,positive
2023.01.25,neutral
2023.01.25,neutral
2023.01.25,neutral
2023.01.25,neutral
2023.01.25,neutral
2023.01.25,neutral
2023.01.26,positive
2023.01.26,positive
2023.01.26,neutral
2023.01.26,neutral
2023.01.26,positive
2023.01.26,neutral
2023.01.26,neutral
2023.01.26,positive
2023.01.26,positive
2023.01.26,neutral
2023.01.27,positive
2023.01.27,positive
2023.01.27,neutral
2023.01.27,neutral
2023.01.27,positive
2023.01.27,neutral
2023.01.27,neutral
2023.01.27,positive
2023.01.27,positive
2023.01.27,neutral
2023.01.28,neutral
2023.01.28,positive
2023.01.28,neutral
2023.01.28,positive
2023.01.28,neutral
2023.01.28,neutral
2023.01.28,neutral
2023.01.28,neutral
2023.01.28,neutral
2023.01.28,neutral
2023.01.29,neutral
2023.01.29,neutral
2023.01.29,negative
2023.01.29,neutral
2023.01.29,positive
2023.01.29,neutral
2023.01.29,neutral
2023.01.29,neutral
2023.01.29,neutral
2023.01.29,neutral
2023.01.30,positive
2023.01.30,positive
2023.01.30,neutral
2023.01.30,neutral
2023.01.30,neutral
2023.01.30,neutral
2023.01.30,negative
2023.01.30,neutral
2023.01.30,neutral
2023.01.30,neutral
2023.01.31,neutral
2023.01.31,neutral
2023.01.31,neutral
2023.01.31,negative
2023.01.31,neutral
2023.01.31,neutral
2023.01.31,neutral
2023.01.31,neutral
2023.01.31,neutral
2023.01.31,neutral
2023.02.01,neutral
2023.02.01,neutral
2023.02.01,negative
2023.02.01,neutral
2023.02.01,neutral
2023.02.01,neutral
2023.02.01,neutral
2023.02.01,neutral
2023.02.01,neutral
2023.02.01,neutral
2023.02.02,positive
2023.02.02,negative
2023.02.02,neutral
2023.02.02,neutral
2023.02.02,neutral
2023.02.02,neutral
2023.02.02,negative
2023.02.02,neutral
2023.02.02,neutral
2023.02.02,positive
2023.02.03,neutral
2023.02.03,neutral
2023.02.03,neutral
2023.02.03,neutral
2023.02.03,positive
2023.02.03,neutral
2023.02.03,neutral
2023.02.03,neutral
2023.02.03,neutral
2023.02.03,neutral
2023.02.04,neutral
2023.02.04,neutral
2023.02.04,neutral
2023.02.04,neutral
2023.02.04,positive
2023.02.05,neutral
2023.02.05,neutral
2023.02.05,neutral
2023.02.06,positive
2023.02.06,positive
2023.02.06,neutral
2023.02.06,neutral
2023.02.06,negative
2023.02.06,neutral
2023.02.06,neutral
2023.02.06,neutral
2023.02.06,neutral
2023.02.06,neutral
2023.02.07,neutral
2023.02.07,neutral
2023.02.07,neutral
2023.02.07,positive
2023.02.07,positive
2023.02.07,neutral
2023.02.07,neutral
2023.02.07,neutral
2023.02.07,neutral
2023.02.07,negative
2023.02.08,neutral
2023.02.08,neutral
2023.02.08,positive
2023.02.08,positive
2023.02.08,positive
2023.02.08,neutral
2023.02.08,neutral
2023.02.08,positive
2023.02.08,neutral
2023.02.08,neutral
2023.02.09,neutral
2023.02.09,neutral
2023.02.09,neutral
2023.02.09,neutral
2023.02.09,neutral
2023.02.09,neutral
2023.02.09,neutral
2023.02.09,positive
2023.02.09,neutral
2023.02.09,negative
2023.02.10,neutral
2023.02.10,neutral
2023.02.10,neutral
2023.02.10,neutral
2023.02.10,neutral
2023.02.10,neutral
2023.02.10,neutral
2023.02.10,neutral
2023.02.10,neutral
2023.02.10,neutral
2023.02.11,neutral
2023.02.11,neutral
2023.02.11,neutral
2023.02.11,positive
2023.02.11,positive
2023.02.12,neutral
2023.02.12,positive
2023.02.12,neutral
2023.02.12,positive
2023.02.12,positive
2023.02.12,negative
2023.02.12,neutral
2023.02.12,positive
2023.02.12,neutral
2023.02.12,positive
2023.02.13,neutral
2023.02.13,neutral
2023.02.13,neutral
2023.02.13,negative
2023.02.13,negative
2023.02.13,neutral
2023.02.13,positive
2023.02.13,neutral
2023.02.13,neutral
2023.02.13,neutral
2023.02.14,neutral
2023.02.14,neutral
2023.02.14,neutral
2023.02.14,positive
2023.02.14,neutral
2023.02.14,neutral
2023.02.14,neutral
2023.02.14,neutral
2023.02.14,neutral
2023.02.14,neutral
2023.02.15,neutral
2023.02.15,negative
2023.02.15,neutral
2023.02.15,positive
2023.02.15,positive
2023.02.15,neutral
2023.02.15,neutral
2023.02.15,neutral
2023.02.15,neutral
2023.02.15,neutral
2023.02.16,neutral
2023.02.16,neutral
2023.02.16,neutral
2023.02.16,positive
2023.02.16,neutral
2023.02.16,neutral
2023.02.16,neutral
2023.02.16,neutral
2023.02.16,neutral
2023.02.16,neutral
2023.02.17,neutral
2023.02.17,neutral
2023.02.17,negative
2023.02.17,neutral
2023.02.17,neutral
2023.02.17,neutral
2023.02.17,neutral
2023.02.17,neutral
2023.02.17,neutral
2023.02.17,neutral
2023.02.18,neutral
2023.02.18,negative
2023.02.18,neutral
2023.02.18,neutral
2023.02.18,negative
2023.02.18,positive
2023.02.18,positive
2023.02.18,neutral
2023.02.18,neutral
2023.02.18,neutral
2023.02.19,positive
2023.02.19,neutral
2023.02.19,neutral
2023.02.19,neutral
2023.02.19,negative
2023.02.19,positive
2023.02.19,neutral
2023.02.20,positive
2023.02.20,positive
2023.02.20,neutral
2023.02.20,neutral
2023.02.20,neutral
2023.02.20,negative
2023.02.20,neutral
2023.02.20,negative
2023.02.20,neutral
2023.02.20,neutral
2023.02.21,neutral
2023.02.21,neutral
2023.02.21,neutral
2023.02.21,neutral
2023.02.21,neutral
2023.02.21,negative
2023.02.21,neutral
2023.02.21,negative
2023.02.21,neutral
2023.02.21,neutral
2023.02.22,neutral
2023.02.22,neutral
2023.02.22,positive
2023.02.22,neutral
2023.02.22,positive
2023.02.22,positive
2023.02.22,neutral
2023.02.22,neutral
2023.02.22,neutral
2023.02.22,negative
2023.02.23,neutral
2023.02.23,neutral
2023.02.23,positive
2023.02.23,negative
2023.02.23,positive
2023.02.23,neutral
2023.02.23,neutral
2023.02.23,neutral
2023.02.23,neutral
2023.02.23,positive
2023.02.24,negative
2023.02.24,neutral
2023.02.24,neutral
2023.02.24,negative
2023.02.24,positive
2023.02.24,neutral
2023.02.24,neutral
2023.02.24,neutral
2023.02.24,neutral
2023.02.24,positive
2023.02.25,negative
2023.02.25,neutral
2023.02.25,neutral
2023.02.25,neutral
2023.02.25,neutral
2023.02.25,neutral
2023.02.25,positive
2023.02.25,neutral
2023.02.26,positive
2023.02.26,neutral
2023.02.26,neutral
2023.02.26,negative
2023.02.26,negative
2023.02.26,negative
2023.02.26,neutral
2023.02.26,neutral
2023.02.27,neutral
2023.02.27,positive
2023.02.27,neutral
2023.02.27,positive
2023.02.27,neutral
2023.02.27,neutral
2023.02.27,neutral
2023.02.27,neutral
2023.02.27,neutral
2023.02.27,neutral
2023.02.28,positive
2023.02.28,positive
2023.02.28,positive
2023.02.28,neutral
2023.02.28,positive
2023.02.28,neutral
2023.02.28,neutral
2023.02.28,neutral
2023.02.28,neutral
2023.02.28,neutral
2023.03.01,positive
2023.03.01,neutral
2023.03.01,neutral
2023.03.01,neutral
2023.03.01,neutral
2023.03.01,neutral
2023.03.01,neutral
2023.03.01,neutral
2023.03.01,neutral
2023.03.01,positive
2023.03.02,neutral
2023.03.02,neutral
2023.03.02,neutral
2023.03.02,neutral
2023.03.02,neutral
2023.03.02,neutral
2023.03.02,neutral
2023.03.02,neutral
2023.03.02,neutral
2023.03.02,neutral
2023.03.03,positive
2023.03.03,negative
2023.03.03,neutral
2023.03.03,neutral
2023.03.03,negative
2023.03.03,neutral
2023.03.03,positive
2023.03.03,positive
2023.03.03,neutral
2023.03.03,positive
2023.03.04,neutral
2023.03.04,neutral
2023.03.04,neutral
2023.03.04,neutral
2023.03.05,neutral
2023.03.05,positive
2023.03.05,neutral
2023.03.05,negative
2023.03.05,neutral
2023.03.06,neutral
2023.03.06,neutral
2023.03.06,positive
2023.03.06,neutral
2023.03.06,neutral
2023.03.06,neutral
2023.03.06,neutral
2023.03.06,neutral
2023.03.06,neutral
2023.03.06,neutral
2023.03.07,neutral
2023.03.07,neutral
2023.03.07,positive
2023.03.07,neutral
2023.03.07,neutral
2023.03.07,neutral
2023.03.07,neutral
2023.03.07,neutral
2023.03.07,neutral
2023.03.07,neutral
2023.03.08,neutral
2023.03.08,neutral
2023.03.08,neutral
2023.03.08,negative
2023.03.08,neutral
2023.03.08,neutral
2023.03.08,neutral
2023.03.08,positive
2023.03.08,neutral
2023.03.08,neutral
2023.03.09,neutral
2023.03.09,neutral
2023.03.09,neutral
2023.03.09,neutral
2023.03.09,neutral
2023.03.09,negative
2023.03.09,positive
2023.03.09,neutral
2023.03.09,neutral
2023.03.09,neutral
2023.03.10,neutral
2023.03.10,positive
2023.03.10,neutral
2023.03.10,neutral
2023.03.10,neutral
2023.03.10,neutral
2023.03.10,positive
2023.03.10,negative
2023.03.10,neutral
2023.03.10,neutral
2023.03.11,neutral
2023.03.11,neutral
2023.03.11,neutral
2023.03.11,neutral
2023.03.11,positive
2023.03.11,neutral
2023.03.11,positive
2023.03.11,neutral
2023.03.11,positive
2023.03.11,positive
2023.03.12,positive
2023.03.12,neutral
2023.03.12,neutral
2023.03.12,positive
2023.03.12,neutral
2023.03.12,positive
2023.03.12,neutral
2023.03.12,neutral
2023.03.12,positive
2023.03.12,neutral
2023.03.13,neutral
2023.03.13,negative
2023.03.13,positive
2023.03.13,neutral
2023.03.13,neutral
2023.03.13,neutral
2023.03.13,positive
2023.03.13,neutral
2023.03.13,neutral
2023.03.13,positive
2023.03.15,neutral
2023.03.15,positive
2023.03.15,neutral
2023.03.15,neutral
2023.03.15,positive
2023.03.15,positive
2023.03.15,positive
2023.03.15,neutral
2023.03.15,positive
2023.03.15,neutral
2023.03.16,neutral
2023.03.16,negative
2023.03.16,neutral
2023.03.16,neutral
2023.03.16,neutral
2023.03.16,positive
2023.03.16,neutral
2023.03.16,neutral
2023.03.16,positive
2023.03.16,neutral
2023.03.17,positive
2023.03.17,neutral
2023.03.17,positive
2023.03.17,positive
2023.03.17,neutral
2023.03.17,positive
2023.03.17,positive
2023.03.17,neutral
2023.03.17,neutral
2023.03.17,neutral
2023.03.18,neutral
2023.03.18,neutral
2023.03.18,neutral
2023.03.18,neutral
2023.03.18,neutral
2023.03.18,positive
2023.03.18,positive
2023.03.18,positive
2023.03.18,neutral
2023.03.18,neutral
2023.03.19,neutral
2023.03.19,neutral
2023.03.20,positive
2023.03.20,neutral
2023.03.20,positive
2023.03.20,positive
2023.03.20,neutral
2023.03.20,neutral
2023.03.20,positive
2023.03.20,positive
2023.03.20,neutral
2023.03.20,positive
2023.03.21,positive
2023.03.21,neutral
2023.03.21,positive
2023.03.21,positive
2023.03.21,neutral
2023.03.21,positive
2023.03.21,neutral
2023.03.21,negative
2023.03.21,neutral
2023.03.21,neutral
2023.03.22,neutral
2023.03.22,neutral
2023.03.22,positive
2023.03.22,neutral
2023.03.22,neutral
2023.03.22,positive
2023.03.22,neutral
2023.03.22,neutral
2023.03.22,negative
2023.03.22,positive
2023.03.23,negative
2023.03.23,neutral
2023.03.23,neutral
2023.03.23,neutral
2023.03.23,neutral
2023.03.23,neutral
2023.03.23,neutral
2023.03.23,neutral
2023.03.23,neutral
2023.03.23,neutral
2023.03.24,neutral
2023.03.24,neutral
2023.03.24,neutral
2023.03.24,neutral
2023.03.24,neutral
2023.03.24,neutral
2023.03.24,neutral
2023.03.24,neutral
2023.03.24,neutral
2023.03.24,neutral
2023.03.25,neutral
2023.03.25,neutral
2023.03.25,neutral
2023.03.25,neutral
2023.03.25,positive
2023.03.25,negative
2023.03.25,positive
2023.03.25,negative
2023.03.25,neutral
2023.03.25,neutral
2023.03.26,neutral
2023.03.26,neutral
2023.03.26,neutral
2023.03.26,positive
2023.03.26,neutral
2023.03.27,neutral
2023.03.27,neutral
2023.03.27,neutral
2023.03.27,neutral
2023.03.27,neutral
2023.03.27,neutral
2023.03.27,neutral
2023.03.27,neutral
2023.03.27,neutral
2023.03.27,neutral
2023.03.28,neutral
2023.03.28,negative
2023.03.28,neutral
2023.03.28,neutral
2023.03.28,neutral
2023.03.28,positive
2023.03.28,positive
2023.03.28,positive
2023.03.28,neutral
2023.03.28,neutral
2023.03.29,neutral
2023.03.29,positive
2023.03.29,neutral
2023.03.29,neutral
2023.03.29,neutral
2023.03.29,neutral
2023.03.29,neutral
2023.03.29,neutral
2023.03.29,positive
2023.03.29,neutral
2023.03.30,positive
2023.03.30,neutral
2023.03.30,neutral
2023.03.30,neutral
2023.03.30,neutral
2023.03.30,neutral
2023.03.30,positive
2023.03.30,neutral
2023.03.30,neutral
2023.03.30,positive
2023.03.31,neutral
2023.03.31,neutral
2023.03.31,neutral
2023.03.31,neutral
2023.03.31,neutral
2023.03.31,positive
2023.03.31,negative
2023.03.31,neutral
2023.03.31,neutral
2023.03.31,neutral
2023.04.01,neutral
2023.04.01,neutral
2023.04.01,neutral
2023.04.01,positive
2023.04.01,positive
2023.04.01,neutral
2023.04.01,positive
2023.04.01,neutral
2023.04.01,neutral
2023.04.01,neutral
2023.04.02,neutral
2023.04.02,neutral
2023.04.02,positive
2023.04.02,neutral
2023.04.02,neutral
2023.04.02,positive
2023.04.02,neutral
2023.04.02,negative
2023.04.02,neutral
2023.04.02,neutral
2023.04.03,neutral
2023.04.03,positive
2023.04.03,neutral
2023.04.03,negative
2023.04.03,neutral
2023.04.03,neutral
2023.04.03,positive
2023.04.03,neutral
2023.04.03,neutral
2023.04.03,positive
2023.04.04,positive
2023.04.04,positive
2023.04.04,neutral
2023.04.04,positive
2023.04.04,neutral
2023.04.04,neutral
2023.04.04,neutral
2023.04.04,neutral
2023.04.04,positive
2023.04.04,positive
2023.04.05,neutral
2023.04.05,positive
2023.04.05,neutral
2023.04.05,positive
2023.04.05,positive
2023.04.05,negative
2023.04.05,neutral
2023.04.05,neutral
2023.04.05,positive
2023.04.05,neutral
2023.04.06,neutral
2023.04.06,positive
2023.04.06,neutral
2023.04.06,neutral
2023.04.06,neutral
2023.04.06,positive
2023.04.06,neutral
2023.04.06,positive
2023.04.06,neutral
2023.04.06,neutral
2023.04.07,neutral
2023.04.07,positive
2023.04.07,neutral
2023.04.07,neutral
2023.04.07,neutral
2023.04.07,positive
2023.04.07,positive
2023.04.07,neutral
2023.04.07,neutral
2023.04.07,negative
2023.04.08,positive
2023.04.08,positive
2023.04.08,positive
2023.04.08,positive
2023.04.08,negative
2023.04.08,neutral
2023.04.08,neutral
2023.04.08,neutral
2023.04.08,neutral
2023.04.08,negative
2023.04.09,neutral
2023.04.09,negative
2023.04.09,neutral
2023.04.09,positive
2023.04.09,positive
2023.04.09,neutral
2023.04.09,neutral
2023.04.09,positive
2023.04.09,neutral
2023.04.09,positive
2023.04.10,neutral
2023.04.10,neutral
2023.04.10,neutral
2023.04.10,neutral
2023.04.10,neutral
2023.04.10,positive
2023.04.10,positive
2023.04.10,neutral
2023.04.10,neutral
2023.04.10,neutral
2023.04.11,neutral
2023.04.11,neutral
2023.04.11,positive
2023.04.11,neutral
2023.04.11,neutral
2023.04.11,positive
2023.04.11,positive
2023.04.11,positive
2023.04.11,negative
2023.04.11,positive
2023.04.12,negative
2023.04.12,neutral
2023.04.12,negative
2023.04.12,neutral
2023.04.12,negative
2023.04.12,negative
2023.04.12,negative
2023.04.12,negative
2023.04.12,neutral
2023.04.12,negative
2023.04.13,negative
2023.04.13,neutral
2023.04.13,neutral
2023.04.13,neutral
2023.04.13,negative
2023.04.13,positive
2023.04.13,positive
2023.04.13,neutral
2023.04.13,positive
2023.04.13,negative
2023.04.14,negative
2023.04.14,neutral
2023.04.14,neutral
2023.04.14,positive
2023.04.14,neutral
2023.04.14,neutral
2023.04.14,positive
2023.04.14,positive
2023.04.14,positive
2023.04.14,neutral
2023.04.15,neutral
2023.04.15,neutral
2023.04.15,neutral
2023.04.15,negative
2023.04.15,positive
2023.04.15,negative
2023.04.15,neutral
2023.04.15,positive
2023.04.15,neutral
2023.04.15,positive
2023.04.16,neutral
2023.04.16,neutral
2023.04.16,positive
2023.04.16,neutral
2023.04.16,positive
2023.04.16,neutral
2023.04.16,negative
2023.04.16,neutral
2023.04.16,positive
2023.04.16,neutral
2023.04.17,neutral
2023.04.17,neutral
2023.04.17,negative
2023.04.17,neutral
2023.04.17,neutral
2023.04.17,neutral
2023.04.17,neutral
2023.04.17,neutral
2023.04.17,neutral
2023.04.17,neutral
2023.04.18,negative
2023.04.18,neutral
2023.04.18,neutral
2023.04.18,neutral
2023.04.18,neutral
2023.04.18,positive
2023.04.18,neutral
2023.04.18,neutral
2023.04.18,neutral
2023.04.18,positive
2023.04.19,positive
2023.04.19,neutral
2023.04.19,positive
2023.04.19,neutral
2023.04.19,neutral
2023.04.19,neutral
2023.04.19,neutral
2023.04.19,neutral
2023.04.19,neutral
2023.04.19,positive
2023.04.20,neutral
2023.04.20,neutral
2023.04.20,neutral
2023.04.20,neutral
2023.04.20,neutral
2023.04.20,neutral
2023.04.20,neutral
2023.04.20,neutral
2023.04.20,positive
2023.04.20,neutral
2023.04.21,positive
2023.04.21,neutral
2023.04.21,positive
2023.04.21,positive
2023.04.21,neutral
2023.04.21,neutral
2023.04.21,neutral
2023.04.21,neutral
2023.04.21,neutral
2023.04.21,neutral
2023.04.22,neutral
2023.04.22,neutral
2023.04.22,neutral
2023.04.22,neutral
2023.04.22,neutral
2023.04.22,neutral
2023.04.22,neutral
2023.04.22,neutral
2023.04.22,neutral
2023.04.22,neutral
2023.04.23,neutral
2023.04.23,positive
2023.04.23,neutral
2023.04.23,negative
2023.04.23,negative
2023.04.23,neutral
2023.04.23,neutral
2023.04.23,neutral
2023.04.23,neutral
2023.04.23,neutral
2023.04.24,positive
2023.04.24,neutral
2023.04.24,positive
2023.04.24,neutral
2023.04.24,neutral
2023.04.24,neutral
2023.04.24,neutral
2023.04.24,negative
2023.04.24,neutral
2023.04.24,neutral
2023.04.25,neutral
2023.04.25,neutral
2023.04.25,neutral
2023.04.25,positive
2023.04.25,neutral
2023.04.25,neutral
2023.04.25,neutral
2023.04.25,neutral
2023.04.25,negative
2023.04.25,neutral
2023.04.26,neutral
2023.04.26,neutral
2023.04.26,positive
2023.04.26,neutral
2023.04.26,positive
2023.04.26,positive
2023.04.26,neutral
2023.04.26,negative
2023.04.26,neutral
2023.04.26,neutral
2023.04.27,neutral
2023.04.27,neutral
2023.04.27,positive
2023.04.27,neutral
2023.04.27,neutral
2023.04.27,neutral
2023.04.27,neutral
2023.04.27,neutral
2023.04.27,neutral
2023.04.27,neutral
2023.04.28,positive
2023.04.28,neutral
2023.04.28,neutral
2023.04.28,neutral
2023.04.28,neutral
2023.04.28,neutral
2023.04.28,neutral
2023.04.28,neutral
2023.04.28,neutral
2023.04.28,neutral
2023.04.29,positive
2023.04.29,neutral
2023.04.29,neutral
2023.04.29,negative
2023.04.29,neutral
2023.04.30,positive
2023.04.30,neutral
2023.04.30,neutral
2023.04.30,neutral
2023.05.01,negative
2023.05.01,neutral
2023.05.01,neutral
2023.05.01,neutral
2023.05.01,neutral
2023.05.01,positive
2023.05.01,neutral
2023.05.01,neutral
2023.05.02,neutral
2023.05.02,positive
2023.05.02,positive
2023.05.02,neutral
2023.05.02,neutral
2023.05.02,neutral
2023.05.02,positive
2023.05.02,positive
2023.05.02,neutral
2023.05.02,neutral
2023.05.03,positive
2023.05.03,neutral
2023.05.03,positive
2023.05.03,neutral
2023.05.03,positive
2023.05.03,neutral
2023.05.03,neutral
2023.05.03,positive
2023.05.03,neutral
2023.05.03,neutral
2023.05.04,neutral
2023.05.04,positive
2023.05.04,neutral
2023.05.04,neutral
2023.05.04,neutral
2023.05.04,neutral
2023.05.04,positive
2023.05.04,neutral
2023.05.04,neutral
2023.05.04,neutral
2023.05.05,positive
2023.05.05,neutral
2023.05.05,neutral
2023.05.05,neutral
2023.05.06,neutral
2023.05.06,neutral
2023.05.06,positive
2023.05.06,neutral
2023.05.06,positive
2023.05.06,neutral
2023.05.06,positive
2023.05.06,neutral
2023.05.06,neutral
2023.05.06,neutral
2023.05.07,positive
2023.05.07,neutral
2023.05.07,neutral
2023.05.07,neutral
2023.05.07,neutral
2023.05.07,neutral
2023.05.07,neutral
2023.05.07,neutral
2023.05.07,neutral
2023.05.07,neutral
2023.05.08,positive
2023.05.08,neutral
2023.05.08,negative
2023.05.08,neutral
2023.05.08,neutral
2023.05.08,neutral
2023.05.08,positive
2023.05.08,neutral
2023.05.08,neutral
2023.05.08,neutral
2023.05.09,neutral
2023.05.09,positive
2023.05.09,neutral
2023.05.09,neutral
2023.05.09,neutral
2023.05.09,neutral
2023.05.09,neutral
2023.05.09,neutral
2023.05.09,neutral
2023.05.09,neutral
2023.05.10,positive
2023.05.10,positive
2023.05.10,positive
2023.05.10,neutral
2023.05.10,positive
2023.05.10,positive
2023.05.10,positive
2023.05.10,neutral
2023.05.10,neutral
2023.05.10,positive
2023.05.11,neutral
2023.05.11,neutral
2023.05.11,neutral
2023.05.11,neutral
2023.05.11,positive
2023.05.11,positive
2023.05.11,neutral
2023.05.11,positive
2023.05.11,positive
2023.05.11,positive
2023.05.12,positive
2023.05.12,neutral
2023.05.12,positive
2023.05.12,positive
2023.05.12,positive
2023.05.12,positive
2023.05.12,positive
2023.05.12,neutral
2023.05.12,neutral
2023.05.12,positive
2023.05.13,neutral
2023.05.13,negative
2023.05.13,neutral
2023.05.13,neutral
2023.05.13,neutral
2023.05.13,neutral
2023.05.13,neutral
2023.05.13,positive
2023.05.13,neutral
2023.05.13,positive
2023.05.14,positive
2023.05.14,neutral
2023.05.14,positive
2023.05.14,neutral
2023.05.14,positive
2023.05.14,negative
2023.05.14,negative
2023.05.14,negative
2023.05.14,neutral
2023.05.14,neutral
2023.05.15,neutral
2023.05.15,positive
2023.05.15,positive
2023.05.15,positive
2023.05.15,positive
2023.05.15,positive
2023.05.15,positive
2023.05.15,positive
2023.05.15,neutral
2023.05.15,neutral
2023.05.16,positive
2023.05.16,neutral
2023.05.16,positive
2023.05.16,neutral
2023.05.16,positive
2023.05.16,negative
2023.05.16,neutral
2023.05.16,neutral
2023.05.16,neutral
2023.05.16,positive
2023.05.17,positive
2023.05.17,negative
2023.05.17,positive
2023.05.17,positive
2023.05.17,positive
2023.05.17,positive
2023.05.17,positive
2023.05.17,negative
2023.05.17,neutral
2023.05.17,neutral
2023.05.18,neutral
2023.05.18,neutral
2023.05.18,neutral
2023.05.18,positive
2023.05.18,neutral
2023.05.18,neutral
2023.05.18,negative
2023.05.18,neutral
2023.05.18,positive
2023.05.18,negative
2023.05.19,neutral
2023.05.19,negative
2023.05.19,positive
2023.05.19,negative
2023.05.19,neutral
2023.05.19,neutral
2023.05.19,neutral
2023.05.19,negative
2023.05.19,positive
2023.05.19,positive
2023.05.20,positive
2023.05.20,neutral
2023.05.20,neutral
2023.05.20,neutral
2023.05.20,negative
2023.05.20,neutral
2023.05.20,positive
2023.05.20,neutral
2023.05.20,neutral
2023.05.20,neutral
2023.05.21,positive
2023.05.21,negative
2023.05.21,neutral
2023.05.21,negative
2023.05.21,neutral
2023.05.21,neutral
2023.05.21,neutral
2023.05.21,positive
2023.05.21,neutral
2023.05.21,neutral
2023.05.22,neutral
2023.05.22,neutral
2023.05.22,neutral
2023.05.22,neutral
2023.05.22,neutral
2023.05.22,neutral
2023.05.22,neutral
2023.05.22,negative
2023.05.22,neutral
2023.05.22,negative
2023.05.23,positive
2023.05.23,positive
2023.05.23,positive
2023.05.23,neutral
2023.05.23,positive
2023.05.23,negative
2023.05.23,neutral
2023.05.23,neutral
2023.05.23,neutral
2023.05.23,neutral
2023.05.24,positive
2023.05.24,neutral
2023.05.24,neutral
2023.05.24,negative
2023.05.24,negative
2023.05.24,negative
2023.05.24,negative
2023.05.24,negative
2023.05.24,negative
2023.05.24,negative
2023.05.25,positive
2023.05.25,neutral
2023.05.25,neutral
2023.05.25,neutral
2023.05.25,neutral
2023.05.25,neutral
2023.05.25,neutral
2023.05.25,neutral
2023.05.25,neutral
2023.05.25,neutral
2023.05.26,positive
2023.05.26,positive
2023.05.26,negative
2023.05.26,positive
2023.05.26,neutral
2023.05.26,positive
2023.05.26,neutral
2023.05.26,neutral
2023.05.26,negative
2023.05.26,neutral
2023.05.27,neutral
2023.05.27,negative
2023.05.27,neutral
2023.05.27,neutral
2023.05.27,neutral
2023.05.28,neutral
2023.05.28,neutral
2023.05.28,neutral
2023.05.28,neutral
2023.05.28,neutral
2023.05.28,neutral
2023.05.28,neutral
2023.05.28,neutral
2023.05.28,neutral
2023.05.28,neutral
2023.05.29,neutral
2023.05.29,neutral
2023.05.29,neutral
2023.05.29,neutral
2023.05.29,neutral
2023.05.29,neutral
2023.05.29,neutral
2023.05.29,neutral
2023.05.29,neutral
2023.05.29,positive
2023.05.30,positive
2023.05.30,neutral
2023.05.30,positive
2023.05.30,neutral
2023.05.30,positive
2023.05.30,neutral
2023.05.30,positive
2023.05.30,neutral
2023.05.30,neutral
2023.05.30,positive
2023.05.31,neutral
2023.05.31,positive
2023.05.31,positive
2023.05.31,neutral
2023.05.31,positive
2023.05.31,positive
2023.05.31,negative
2023.05.31,neutral
2023.05.31,neutral
2023.05.31,neutral
2023.06.01,neutral
2023.06.01,negative
2023.06.01,neutral
2023.06.01,neutral
2023.06.01,neutral
2023.06.01,neutral
2023.06.01,neutral
2023.06.01,negative
2023.06.01,neutral
2023.06.01,negative
2023.06.02,neutral
2023.06.02,neutral
2023.06.02,neutral
2023.06.02,neutral
2023.06.02,positive
2023.06.02,neutral
2023.06.02,neutral
2023.06.02,positive
2023.06.02,neutral
2023.06.02,negative
2023.06.03,positive
2023.06.03,negative
2023.06.03,neutral
2023.06.03,neutral
2023.06.03,neutral
2023.06.03,neutral
2023.06.03,neutral
2023.06.03,neutral
2023.06.03,neutral
2023.06.03,neutral
2023.06.04,neutral
2023.06.04,positive
2023.06.04,neutral
2023.06.04,negative
2023.06.04,neutral
2023.06.04,neutral
2023.06.04,neutral
2023.06.04,neutral
2023.06.04,neutral
2023.06.04,neutral
2023.06.05,neutral
2023.06.05,neutral
2023.06.05,neutral
2023.06.05,neutral
2023.06.05,positive
2023.06.05,neutral
2023.06.05,neutral
2023.06.05,neutral
2023.06.05,neutral
2023.06.05,neutral
2023.06.06,positive
2023.06.06,positive
2023.06.06,neutral
2023.06.06,positive
2023.06.06,neutral
2023.06.06,neutral
2023.06.06,neutral
2023.06.06,neutral
2023.06.06,neutral
2023.06.06,neutral
2023.06.07,neutral
2023.06.07,negative
2023.06.07,negative
2023.06.07,negative
2023.06.07,neutral
2023.06.07,negative
2023.06.07,neutral
2023.06.07,neutral
2023.06.07,neutral
2023.06.07,positive
2023.06.08,positive
2023.06.08,positive
2023.06.08,negative
2023.06.08,neutral
2023.06.08,negative
2023.06.08,neutral
2023.06.08,neutral
2023.06.08,neutral
2023.06.08,positive
2023.06.08,neutral
2023.06.09,neutral
2023.06.09,positive
2023.06.09,positive
2023.06.09,positive
2023.06.09,positive
2023.06.09,negative
2023.06.09,neutral
2023.06.09,negative
2023.06.09,neutral
2023.06.09,neutral
2023.06.10,neutral
2023.06.10,negative
2023.06.11,negative
2023.06.11,neutral
2023.06.11,neutral
2023.06.11,neutral
2023.06.11,neutral
2023.06.11,neutral
2023.06.11,neutral
2023.06.11,neutral
2023.06.11,neutral
2023.06.11,neutral
2023.06.12,neutral
2023.06.12,neutral
2023.06.12,positive
2023.06.12,negative
2023.06.12,negative
2023.06.12,neutral
2023.06.12,neutral
2023.06.12,neutral
2023.06.12,negative
2023.06.12,neutral
2023.06.13,neutral
2023.06.13,neutral
2023.06.13,neutral
2023.06.13,neutral
2023.06.13,neutral
2023.06.13,neutral
2023.06.13,negative
2023.06.13,neutral
2023.06.13,positive
2023.06.13,neutral
2023.06.14,positive
2023.06.14,neutral
2023.06.14,neutral
2023.06.14,negative
2023.06.14,neutral
2023.06.14,positive
2023.06.14,neutral
2023.06.14,neutral
2023.06.14,neutral
2023.06.14,neutral
2023.06.15,positive
2023.06.15,neutral
2023.06.15,neutral
2023.06.15,neutral
2023.06.15,neutral
2023.06.15,neutral
2023.06.15,neutral
2023.06.15,neutral
2023.06.15,neutral
2023.06.15,neutral
2023.06.16,neutral
2023.06.16,neutral
2023.06.16,neutral
2023.06.16,neutral
2023.06.16,neutral
2023.06.16,neutral
2023.06.16,neutral
2023.06.16,neutral
2023.06.16,neutral
2023.06.16,neutral
2023.06.17,neutral
2023.06.17,neutral
2023.06.17,negative
2023.06.17,neutral
2023.06.17,neutral
2023.06.17,neutral
2023.06.17,neutral
2023.06.17,neutral
2023.06.17,neutral
2023.06.17,neutral
2023.06.18,neutral
2023.06.18,neutral
2023.06.18,neutral
2023.06.18,neutral
2023.06.18,neutral
2023.06.18,neutral
2023.06.18,neutral
2023.06.18,neutral
2023.06.18,neutral
2023.06.18,neutral
2023.06.19,neutral
2023.06.19,neutral
2023.06.19,neutral
2023.06.19,neutral
2023.06.19,negative
2023.06.19,neutral
2023.06.19,neutral
2023.06.19,neutral
2023.06.19,neutral
2023.06.19,negative
2023.06.20,positive
2023.06.20,negative
2023.06.20,positive
2023.06.20,neutral
2023.06.20,neutral
2023.06.20,neutral
2023.06.20,positive
2023.06.20,neutral
2023.06.20,neutral
2023.06.20,neutral
2023.06.21,positive
2023.06.21,positive
2023.06.21,positive
2023.06.21,neutral
2023.06.21,neutral
2023.06.21,neutral
2023.06.21,neutral
2023.06.21,neutral
2023.06.21,neutral
2023.06.21,neutral
2023.06.22,positive
2023.06.22,neutral
2023.06.22,neutral
2023.06.22,neutral
2023.06.22,positive
2023.06.22,neutral
2023.06.22,neutral
2023.06.22,negative
2023.06.22,neutral
2023.06.22,neutral
2023.06.23,positive
2023.06.23,positive
2023.06.23,neutral
2023.06.23,positive
2023.06.23,positive
2023.06.23,neutral
2023.06.23,positive
2023.06.23,neutral
2023.06.23,neutral
2023.06.23,neutral
2023.06.24,neutral
2023.06.25,neutral
2023.06.26,neutral
2023.06.26,neutral
2023.06.26,neutral
2023.06.26,positive
2023.06.26,neutral
2023.06.26,neutral
2023.06.26,neutral
2023.06.26,neutral
2023.06.26,neutral
2023.06.26,positive
2023.06.27,neutral
2023.06.27,negative
2023.06.27,neutral
2023.06.27,positive
2023.06.27,neutral
2023.06.27,neutral
2023.06.27,neutral
2023.06.27,neutral
2023.06.27,neutral
2023.06.27,positive
2023.06.28,neutral
2023.06.28,negative
2023.06.28,negative
2023.06.28,positive
2023.06.28,neutral
2023.06.28,neutral
2023.06.28,neutral
2023.06.28,neutral
2023.06.28,positive
2023.06.28,negative
2023.06.29,positive
2023.06.29,neutral
2023.06.29,neutral
2023.06.29,negative
2023.06.29,neutral
2023.06.29,negative
2023.06.29,neutral
2023.06.29,neutral
2023.06.29,neutral
2023.06.29,neutral
2023.06.30,neutral
2023.06.30,neutral
2023.06.30,negative
2023.06.30,neutral
2023.06.30,neutral
2023.06.30,neutral
2023.06.30,neutral
2023.06.30,neutral
2023.06.30,negative
2023.06.30,negative
2023.07.01,neutral
2023.07.01,neutral
2023.07.01,neutral
2023.07.01,neutral
2023.07.01,neutral
2023.07.01,negative
2023.07.01,neutral
2023.07.01,neutral
2023.07.01,neutral
2023.07.01,neutral
2023.07.02,negative
2023.07.02,neutral
2023.07.02,neutral
2023.07.02,neutral
2023.07.02,neutral
2023.07.02,neutral
2023.07.02,positive
2023.07.03,positive
2023.07.03,neutral
2023.07.03,neutral
2023.07.03,negative
2023.07.03,positive
2023.07.03,neutral
2023.07.03,neutral
2023.07.03,positive
2023.07.03,neutral
2023.07.03,neutral
2023.07.04,negative
2023.07.04,neutral
2023.07.04,neutral
2023.07.04,positive
2023.07.04,positive
2023.07.04,positive
2023.07.04,negative
2023.07.04,negative
2023.07.04,neutral
2023.07.04,neutral
2023.07.05,negative
2023.07.05,neutral
2023.07.05,negative
2023.07.05,neutral
2023.07.05,neutral
2023.07.05,neutral
2023.07.05,neutral
2023.07.05,neutral
2023.07.05,negative
2023.07.05,negative
2023.07.06,negative
2023.07.06,neutral
2023.07.06,neutral
2023.07.06,neutral
2023.07.06,negative
2023.07.06,negative
2023.07.06,neutral
2023.07.06,neutral
2023.07.06,neutral
2023.07.06,positive
2023.07.07,negative
2023.07.07,negative
2023.07.07,neutral
2023.07.07,neutral
2023.07.07,neutral
2023.07.07,negative
2023.07.07,negative
2023.07.07,neutral
2023.07.07,neutral
2023.07.07,negative
2023.07.08,positive
2023.07.08,negative
2023.07.08,neutral
2023.07.08,positive
2023.07.08,neutral
2023.07.08,neutral
2023.07.08,neutral
2023.07.08,neutral
2023.07.08,positive
2023.07.08,neutral
2023.07.09,neutral
2023.07.09,negative
2023.07.09,neutral
2023.07.09,neutral
2023.07.10,neutral
2023.07.10,neutral
2023.07.10,neutral
2023.07.10,neutral
2023.07.10,neutral
2023.07.10,neutral
2023.07.10,neutral
2023.07.10,neutral
2023.07.10,neutral
2023.07.10,neutral
2023.07.11,neutral
2023.07.11,positive
2023.07.11,positive
2023.07.11,negative
2023.07.11,neutral
2023.07.11,neutral
2023.07.11,neutral
2023.07.11,neutral
2023.07.11,negative
2023.07.11,neutral
2023.07.12,negative
2023.07.12,negative
2023.07.12,negative
2023.07.12,negative
2023.07.12,neutral
2023.07.12,negative
2023.07.12,neutral
2023.07.12,negative
2023.07.12,negative
2023.07.12,negative
2023.07.13,neutral
2023.07.13,negative
2023.07.13,neutral
2023.07.13,neutral
2023.07.13,neutral
2023.07.13,positive
2023.07.13,positive
2023.07.13,negative
2023.07.13,neutral
2023.07.13,neutral
2023.07.14,negative
2023.07.14,negative
2023.07.14,neutral
2023.07.14,neutral
2023.07.14,negative
2023.07.14,neutral
2023.07.14,neutral
2023.07.14,neutral
2023.07.14,neutral
2023.07.14,neutral
2023.07.15,positive
2023.07.15,neutral
2023.07.15,neutral
2023.07.15,neutral
2023.07.15,neutral
2023.07.15,neutral
2023.07.15,positive
2023.07.15,neutral
2023.07.15,positive
2023.07.15,neutral
2023.07.16,neutral
2023.07.16,neutral
2023.07.16,positive
2023.07.16,negative
2023.07.16,positive
2023.07.16,positive
2023.07.16,positive
2023.07.17,neutral
2023.07.17,negative
2023.07.17,positive
2023.07.17,neutral
2023.07.17,positive
2023.07.17,negative
2023.07.17,neutral
2023.07.17,positive
2023.07.17,neutral
2023.07.17,neutral
2023.07.18,neutral
2023.07.18,neutral
2023.07.18,positive
2023.07.18,neutral
2023.07.18,neutral
2023.07.18,positive
2023.07.18,positive
2023.07.18,neutral
2023.07.18,positive
2023.07.18,positive
2023.07.19,neutral
2023.07.19,neutral
2023.07.19,negative
2023.07.19,neutral
2023.07.19,negative
2023.07.19,neutral
2023.07.19,positive
2023.07.19,neutral
2023.07.19,neutral
2023.07.19,neutral
2023.07.20,negative
2023.07.20,neutral
2023.07.20,neutral
2023.07.20,neutral
2023.07.20,neutral
2023.07.20,neutral
2023.07.20,neutral
2023.07.20,neutral
2023.07.20,positive
2023.07.20,neutral
2023.07.21,neutral
2023.07.21,neutral
2023.07.21,negative
2023.07.21,neutral
2023.07.21,negative
2023.07.21,neutral
2023.07.21,positive
2023.07.21,neutral
2023.07.21,neutral
2023.07.21,neutral
2023.07.22,neutral
2023.07.22,neutral
2023.07.22,neutral
2023.07.22,neutral
2023.07.22,neutral
2023.07.22,neutral
2023.07.22,neutral
2023.07.22,neutral
2023.07.22,neutral
2023.07.22,neutral
2023.07.23,neutral
2023.07.23,neutral
2023.07.23,negative
2023.07.23,positive
2023.07.23,neutral
2023.07.23,neutral
2023.07.23,positive
2023.07.23,neutral
2023.07.23,neutral
2023.07.23,neutral
2023.07.24,neutral
2023.07.24,neutral
2023.07.24,neutral
2023.07.24,neutral
2023.07.24,neutral
2023.07.24,neutral
2023.07.24,neutral
2023.07.24,neutral
2023.07.24,neutral
2023.07.24,neutral
2023.07.25,neutral
2023.07.25,positive
2023.07.25,neutral
2023.07.25,positive
2023.07.25,neutral
2023.07.25,negative
2023.07.25,neutral
2023.07.25,neutral
2023.07.25,neutral
2023.07.25,neutral
2023.07.26,positive
2023.07.26,neutral
2023.07.26,neutral
2023.07.26,neutral
2023.07.26,neutral
2023.07.26,neutral
2023.07.26,neutral
2023.07.26,negative
2023.07.26,neutral
2023.07.26,neutral
2023.07.27,negative
2023.07.27,neutral
2023.07.27,neutral
2023.07.27,neutral
2023.07.27,neutral
2023.07.27,neutral
2023.07.27,neutral
2023.07.27,neutral
2023.07.27,neutral
2023.07.27,negative
2023.07.28,neutral
2023.07.28,neutral
2023.07.28,neutral
2023.07.28,neutral
2023.07.28,neutral
2023.07.28,neutral
2023.07.28,neutral
2023.07.28,neutral
2023.07.28,neutral
2023.07.28,neutral
2023.07.29,positive
2023.07.29,positive
2023.07.29,neutral
2023.07.29,neutral
2023.07.29,positive
2023.07.29,positive
2023.07.29,positive
2023.07.29,positive
2023.07.29,neutral
2023.07.29,neutral
2023.07.30,neutral
2023.07.30,neutral
2023.07.30,neutral
2023.07.30,neutral
2023.07.30,neutral
2023.07.31,positive
2023.07.31,neutral
2023.07.31,positive
2023.07.31,neutral
2023.07.31,neutral
2023.07.31,neutral
2023.07.31,neutral
2023.07.31,neutral
2023.07.31,neutral
2023.07.31,neutral
2023.08.01,neutral
2023.08.01,neutral
2023.08.01,neutral
2023.08.01,neutral
2023.08.01,neutral
2023.08.01,neutral
2023.08.01,neutral
2023.08.01,neutral
2023.08.01,neutral
2023.08.01,neutral
2023.08.02,negative
2023.08.02,positive
2023.08.02,neutral
2023.08.02,neutral
2023.08.02,neutral
2023.08.02,positive
2023.08.02,neutral
2023.08.02,neutral
2023.08.02,neutral
2023.08.02,neutral
2023.08.03,negative
2023.08.03,neutral
2023.08.03,neutral
2023.08.03,neutral
2023.08.03,positive
2023.08.03,neutral
2023.08.03,neutral
2023.08.03,neutral
2023.08.03,neutral
2023.08.03,neutral
2023.08.04,neutral
2023.08.04,positive
2023.08.04,neutral
2023.08.04,neutral
2023.08.04,neutral
2023.08.04,negative
2023.08.04,neutral
2023.08.04,neutral
2023.08.04,negative
2023.08.04,positive
2023.08.05,neutral
2023.08.05,positive
2023.08.05,neutral
2023.08.05,neutral
2023.08.05,neutral
2023.08.05,neutral
2023.08.05,neutral
2023.08.05,neutral
2023.08.05,neutral
2023.08.05,neutral
2023.08.06,neutral
2023.08.06,neutral
2023.08.06,neutral
2023.08.06,negative
2023.08.06,neutral
2023.08.06,positive
2023.08.06,neutral
2023.08.07,positive
2023.08.07,neutral
2023.08.07,neutral
2023.08.07,neutral
2023.08.07,neutral
2023.08.07,neutral
2023.08.07,neutral
2023.08.07,neutral
2023.08.07,neutral
2023.08.07,neutral
2023.08.08,positive
2023.08.08,positive
2023.08.08,neutral
2023.08.08,negative
2023.08.08,neutral
2023.08.08,neutral
2023.08.08,positive
2023.08.08,positive
2023.08.08,neutral
2023.08.08,neutral
2023.08.09,positive
2023.08.09,positive
2023.08.09,neutral
2023.08.09,neutral
2023.08.09,neutral
2023.08.09,neutral
2023.08.09,negative
2023.08.09,positive
2023.08.09,neutral
2023.08.09,neutral
2023.08.10,positive
2023.08.10,neutral
2023.08.10,neutral
2023.08.10,neutral
2023.08.10,neutral
2023.08.10,neutral
2023.08.10,neutral
2023.08.10,neutral
2023.08.10,neutral
2023.08.10,neutral
2023.08.11,positive
2023.08.11,positive
2023.08.11,neutral
2023.08.11,positive
2023.08.11,positive
2023.08.11,neutral
2023.08.11,neutral
2023.08.11,negative
2023.08.11,neutral
2023.08.11,positive
2023.08.12,positive
2023.08.12,positive
2023.08.12,positive
2023.08.12,positive
2023.08.12,neutral
2023.08.12,neutral
2023.08.12,neutral
2023.08.12,neutral
2023.08.12,neutral
2023.08.12,neutral
2023.08.13,neutral
2023.08.13,negative
2023.08.13,neutral
2023.08.13,positive
2023.08.13,positive
2023.08.13,neutral
2023.08.13,positive
2023.08.13,neutral
2023.08.13,neutral
2023.08.13,neutral
2023.08.14,positive
2023.08.14,positive
2023.08.14,positive
2023.08.14,positive
2023.08.14,neutral
2023.08.14,positive
2023.08.14,positive
2023.08.14,positive
2023.08.14,positive
2023.08.14,neutral
2023.08.15,neutral
2023.08.15,positive
2023.08.15,neutral
2023.08.15,negative
2023.08.15,positive
2023.08.15,negative
2023.08.15,neutral
2023.08.15,neutral
2023.08.15,neutral
2023.08.15,neutral
2023.08.16,neutral
2023.08.16,negative
2023.08.16,neutral
2023.08.16,positive
2023.08.16,positive
2023.08.16,neutral
2023.08.16,neutral
2023.08.16,neutral
2023.08.16,neutral
2023.08.16,positive
2023.08.17,negative
2023.08.17,neutral
2023.08.17,neutral
2023.08.17,positive
2023.08.17,neutral
2023.08.17,neutral
2023.08.17,positive
2023.08.17,neutral
2023.08.17,neutral
2023.08.17,neutral
2023.08.18,neutral
2023.08.18,neutral
2023.08.18,neutral
2023.08.18,neutral
2023.08.18,neutral
2023.08.18,neutral
2023.08.18,neutral
2023.08.18,neutral
2023.08.18,negative
2023.08.18,neutral
2023.08.19,neutral
2023.08.19,neutral
2023.08.19,neutral
2023.08.19,negative
2023.08.19,neutral
2023.08.20,neutral
2023.08.20,neutral
2023.08.20,neutral
2023.08.20,neutral
2023.08.20,neutral
2023.08.20,neutral
2023.08.20,neutral
2023.08.20,negative
2023.08.20,neutral
2023.08.20,positive
2023.08.21,positive
2023.08.21,neutral
2023.08.21,positive
2023.08.21,neutral
2023.08.21,neutral
2023.08.21,positive
2023.08.21,neutral
2023.08.21,neutral
2023.08.21,neutral
2023.08.21,neutral
2023.08.22,neutral
2023.08.22,neutral
2023.08.22,positive
2023.08.22,neutral
2023.08.22,neutral
2023.08.22,positive
2023.08.22,neutral
2023.08.22,neutral
2023.08.22,neutral
2023.08.22,positive
2023.08.23,neutral
2023.08.23,positive
2023.08.23,neutral
2023.08.23,neutral
2023.08.23,neutral
2023.08.23,neutral
2023.08.23,neutral
2023.08.23,neutral
2023.08.23,neutral
2023.08.23,negative
2023.08.24,neutral
2023.08.24,positive
2023.08.24,neutral
2023.08.24,neutral
2023.08.24,neutral
2023.08.24,positive
2023.08.24,neutral
2023.08.24,neutral
2023.08.24,neutral
2023.08.24,neutral
2023.08.25,negative
2023.08.25,negative
2023.08.25,negative
2023.08.25,negative
2023.08.25,neutral
2023.08.25,positive
2023.08.25,neutral
2023.08.25,negative
2023.08.25,positive
2023.08.25,neutral
2023.08.26,neutral
2023.08.26,negative
2023.08.26,negative
2023.08.26,neutral
2023.08.26,neutral
2023.08.26,positive
2023.08.26,positive
2023.08.26,neutral
2023.08.26,neutral
2023.08.26,neutral
2023.08.27,neutral
2023.08.27,neutral
2023.08.27,neutral
2023.08.27,neutral
2023.08.27,neutral
2023.08.28,neutral
2023.08.28,neutral
2023.08.28,neutral
2023.08.28,neutral
2023.08.28,positive
2023.08.28,neutral
2023.08.28,neutral
2023.08.28,neutral
2023.08.28,neutral
2023.08.28,positive
2023.08.29,neutral
2023.08.29,neutral
2023.08.29,neutral
2023.08.29,neutral
2023.08.29,neutral
2023.08.29,neutral
2023.08.29,neutral
2023.08.29,neutral
2023.08.29,neutral
2023.08.29,neutral
2023.08.30,positive
2023.08.30,neutral
2023.08.30,neutral
2023.08.30,neutral
2023.08.30,neutral
2023.08.30,neutral
2023.08.30,positive
2023.08.30,neutral
2023.08.30,positive
2023.08.30,positive
2023.08.31,positive
2023.08.31,positive
2023.08.31,negative
2023.08.31,negative
2023.08.31,neutral
2023.08.31,negative
2023.08.31,neutral
2023.08.31,neutral
2023.08.31,positive
2023.08.31,neutral
2023.09.01,neutral
2023.09.01,neutral
2023.09.01,neutral
2023.09.01,neutral
2023.09.01,neutral
2023.09.01,neutral
2023.09.01,neutral
2023.09.01,neutral
2023.09.01,neutral
2023.09.01,neutral
2023.09.02,neutral
2023.09.02,neutral
2023.09.02,positive
2023.09.02,negative
2023.09.02,positive
2023.09.02,positive
2023.09.02,neutral
2023.09.02,negative
2023.09.02,neutral
2023.09.02,neutral
2023.09.03,neutral
2023.09.03,neutral
2023.09.03,neutral
2023.09.03,neutral
2023.09.03,neutral
2023.09.04,neutral
2023.09.04,neutral
2023.09.04,neutral
2023.09.04,neutral
2023.09.04,neutral
2023.09.04,neutral
2023.09.04,neutral
2023.09.04,neutral
2023.09.04,neutral
2023.09.04,neutral
2023.09.05,positive
2023.09.05,neutral
2023.09.05,neutral
2023.09.05,positive
2023.09.05,positive
2023.09.05,positive
2023.09.05,neutral
2023.09.05,positive
2023.09.05,neutral
2023.09.05,positive
2023.09.06,neutral
2023.09.06,neutral
2023.09.06,neutral
2023.09.06,neutral
2023.09.06,neutral
2023.09.06,neutral
2023.09.06,neutral
2023.09.06,neutral
2023.09.06,neutral
2023.09.06,neutral
2023.09.07,neutral
2023.09.07,neutral
2023.09.07,neutral
2023.09.07,neutral
2023.09.07,neutral
2023.09.07,neutral
2023.09.07,positive
2023.09.07,neutral
2023.09.07,neutral
2023.09.07,neutral
2023.09.08,positive
2023.09.08,positive
2023.09.08,neutral
2023.09.08,neutral
2023.09.08,neutral
2023.09.08,positive
2023.09.08,neutral
2023.09.08,neutral
2023.09.08,neutral
2023.09.08,neutral
2023.09.09,positive
2023.09.09,neutral
2023.09.09,neutral
2023.09.09,neutral
2023.09.09,neutral
2023.09.09,positive
2023.09.09,neutral
2023.09.09,neutral
2023.09.09,neutral
2023.09.09,neutral
2023.09.10,negative
2023.09.10,negative
2023.09.10,neutral
2023.09.10,neutral
2023.09.10,negative
2023.09.11,negative
2023.09.11,neutral
2023.09.11,positive
2023.09.11,neutral
2023.09.11,positive
2023.09.11,negative
2023.09.11,negative
2023.09.11,negative
2023.09.11,neutral
2023.09.11,negative
2023.09.12,positive
2023.09.12,neutral
2023.09.12,positive
2023.09.12,negative
2023.09.12,neutral
2023.09.12,negative
2023.09.12,positive
2023.09.12,neutral
2023.09.12,neutral
2023.09.12,neutral
2023.09.13,neutral
2023.09.13,neutral
2023.09.13,neutral
2023.09.13,negative
2023.09.13,neutral
2023.09.13,negative
2023.09.13,neutral
2023.09.13,neutral
2023.09.13,neutral
2023.09.13,negative
2023.09.14,positive
2023.09.14,neutral
2023.09.14,neutral
2023.09.14,neutral
2023.09.14,neutral
2023.09.14,neutral
2023.09.14,neutral
2023.09.14,positive
2023.09.14,neutral
2023.09.14,neutral
2023.09.15,negative
2023.09.15,negative
2023.09.15,negative
2023.09.15,positive
2023.09.15,negative
2023.09.15,negative
2023.09.15,negative
2023.09.15,neutral
2023.09.15,neutral
2023.09.15,neutral
2023.09.16,positive
2023.09.16,neutral
2023.09.16,neutral
2023.09.16,neutral
2023.09.16,neutral
2023.09.16,neutral
2023.09.16,neutral
2023.09.16,neutral
2023.09.16,negative
2023.09.16,neutral
2023.09.17,neutral
2023.09.17,neutral
2023.09.17,neutral
2023.09.17,neutral
2023.09.17,neutral
2023.09.17,neutral
2023.09.17,neutral
2023.09.17,neutral
2023.09.17,positive
2023.09.17,neutral
2023.09.18,negative
2023.09.18,neutral
2023.09.18,positive
2023.09.18,neutral
2023.09.18,neutral
2023.09.18,neutral
2023.09.18,neutral
2023.09.18,positive
2023.09.18,neutral
2023.09.18,positive
2023.09.19,neutral
2023.09.19,positive
2023.09.19,positive
2023.09.19,neutral
2023.09.19,neutral
2023.09.19,neutral
2023.09.19,neutral
2023.09.19,neutral
2023.09.19,positive
2023.09.19,neutral
2023.09.20,positive
2023.09.20,neutral
2023.09.20,positive
2023.09.20,neutral
2023.09.20,positive
2023.09.20,neutral
2023.09.20,neutral
2023.09.20,neutral
2023.09.20,neutral
2023.09.20,neutral
2023.09.21,negative
2023.09.21,negative
2023.09.21,negative
2023.09.21,neutral
2023.09.21,positive
2023.09.21,negative
2023.09.21,neutral
2023.09.21,positive
2023.09.21,neutral
2023.09.21,positive
2023.09.22,negative
2023.09.22,negative
2023.09.22,negative
2023.09.22,neutral
2023.09.22,neutral
2023.09.22,neutral
2023.09.22,negative
2023.09.22,neutral
2023.09.22,negative
2023.09.22,neutral
2023.09.23,negative
2023.09.23,positive
2023.09.23,negative
2023.09.23,neutral
2023.09.23,negative
2023.09.23,positive
2023.09.23,positive
2023.09.23,neutral
2023.09.23,neutral
2023.09.23,neutral
2023.09.24,neutral
2023.09.24,positive
2023.09.24,neutral
2023.09.24,neutral
2023.09.24,neutral
2023.09.24,neutral
2023.09.24,neutral
2023.09.24,neutral
2023.09.24,neutral
2023.09.24,neutral
2023.09.25,neutral
2023.09.25,neutral
2023.09.25,neutral
2023.09.25,neutral
2023.09.25,neutral
2023.09.25,positive
2023.09.25,neutral
2023.09.25,neutral
2023.09.25,neutral
2023.09.25,neutral
2023.09.26,neutral
2023.09.26,negative
2023.09.26,neutral
2023.09.26,neutral
2023.09.26,neutral
2023.09.26,negative
2023.09.26,neutral
2023.09.26,neutral
2023.09.26,neutral
2023.09.26,neutral
2023.09.27,negative
2023.09.27,negative
2023.09.27,neutral
2023.09.27,neutral
2023.09.27,negative
2023.09.27,neutral
2023.09.27,negative
2023.09.27,negative
2023.09.27,negative
2023.09.27,neutral
2023.09.28,negative
2023.09.28,negative
2023.09.28,positive
2023.09.28,negative
2023.09.28,negative
2023.09.28,neutral
2023.09.28,negative
2023.09.28,neutral
2023.09.28,neutral
2023.09.28,neutral
2023.09.29,neutral
2023.09.29,negative
2023.09.29,negative
2023.09.29,positive
2023.09.29,neutral
2023.09.29,neutral
2023.09.29,neutral
2023.09.29,neutral
2023.09.29,neutral
2023.09.29,neutral
2023.09.30,neutral
2023.09.30,neutral
2023.09.30,neutral
2023.09.30,negative
2023.09.30,neutral
2023.09.30,negative
2023.09.30,negative
2023.09.30,negative
2023.09.30,neutral
2023.09.30,neutral
2023.10.01,neutral
2023.10.01,negative
2023.10.01,neutral
2023.10.01,neutral
2023.10.01,neutral
2023.10.01,neutral
2023.10.01,neutral
2023.10.01,negative
2023.10.01,neutral
2023.10.01,neutral
2023.10.02,negative
2023.10.02,neutral
2023.10.02,negative
2023.10.02,negative
2023.10.02,negative
2023.10.02,neutral
2023.10.02,neutral
2023.10.02,neutral
2023.10.02,neutral
2023.10.02,neutral
2023.10.03,negative
2023.10.03,neutral
2023.10.03,neutral
2023.10.03,negative
2023.10.03,neutral
2023.10.03,neutral
2023.10.03,neutral
2023.10.03,neutral
2023.10.03,neutral
2023.10.03,negative
2023.10.04,positive
2023.10.04,neutral
2023.10.04,neutral
2023.10.04,negative
2023.10.04,positive
2023.10.04,neutral
2023.10.04,negative
2023.10.04,neutral
2023.10.04,neutral
2023.10.04,neutral
